{
  "timestamp": "2025-04-27 19:57:39",
  "BME1": {
    "temperature": 26.64,
    "humidity": 72.71777,
    "pressure": 1000.905
  },
  "BME2": {
    "temperature": 26.19,
    "humidity": 73.65234,
    "pressure": 1000.634
  }
}